customer_id,branch_group,y1_revenue,y2_revenue,change_value,change_pct,y1_orders,y2_orders
14156,Ireland,186509.8,116560.08,-69949.72,-37.5,90.0,54.0
13694,UK North,130601.07,65039.62,-65561.45,-50.2,93.0,50.0
16754,UK North,63497.67,2002.4,-61495.27,-96.8,28.0,1.0
17850,UK North,45817.66,5391.21,-40426.45,-88.2,121.0,34.0
13093,UK South,46311.78,7832.47,-38479.31,-83.1,47.0,8.0
13902,Rest of Europe,34023.26,0.0,-34023.26,-100.0,5.0,0.0
17940,UK North,26237.4,2152.18,-24085.22,-91.8,5.0,9.0
12482,Rest of Europe,21941.72,0.0,-21941.72,-100.0,27.0,0.0
18251,UK South,21964.14,4314.72,-17649.42,-80.4,8.0,1.0
13802,UK North,21659.69,4599.42,-17060.27,-78.8,16.0,3.0
15523,UK South,16847.18,412.01,-16435.17,-97.6,15.0,1.0
18008,UK North,17642.89,2116.19,-15526.7,-88.0,14.0,9.0
16705,UK South,29480.06,14034.99,-15445.07,-52.4,22.0,20.0
17920,UK North,19462.28,4107.6,-15354.68,-78.9,37.0,17.0
17448,UK North,14448.67,0.0,-14448.67,-100.0,41.0,0.0
15768,UK North,14687.06,621.83,-14065.23,-95.8,31.0,3.0
13564,UK North,14706.19,1174.03,-13532.16,-92.0,34.0,2.0
13687,UK South,11880.84,0.0,-11880.84,-100.0,1.0,0.0
16779,UK South,22197.31,10611.72,-11585.59,-52.2,31.0,22.0
14134,UK North,11123.35,0.0,-11123.35,-100.0,15.0,0.0
18052,UK North,10877.18,0.0,-10877.18,-100.0,1.0,0.0
13881,UK South,28019.58,17159.52,-10860.06,-38.8,23.0,20.0
12709,DACH,20086.66,9400.52,-10686.14,-53.2,17.0,15.0
14028,UK North,10396.5,0.0,-10396.5,-100.0,3.0,0.0
14527,UK South,18684.97,8506.13,-10178.84,-54.5,66.0,55.0
17044,UK North,11013.82,948.48,-10065.34,-91.4,11.0,1.0
15808,UK North,13528.98,3651.27,-9877.71,-73.0,17.0,4.0
16019,UK South,13542.92,3786.24,-9756.68,-72.0,18.0,9.0
14091,UK South,9530.08,0.0,-9530.08,-100.0,2.0,0.0
17377,UK South,13580.91,4058.32,-9522.59,-70.1,58.0,20.0
14063,UK South,9471.5,0.0,-9471.5,-100.0,7.0,0.0
12454,Rest of Europe,12931.44,3528.34,-9403.1,-72.7,3.0,1.0
17589,UK South,11403.35,2402.92,-9000.43,-78.9,14.0,4.0
14277,France,12637.16,4152.0,-8485.16,-67.1,5.0,3.0
14160,UK North,8421.47,0.0,-8421.47,-100.0,7.0,0.0
13206,UK North,8308.19,0.0,-8308.19,-100.0,13.0,0.0
12647,DACH,10962.73,3146.82,-7815.91,-71.3,23.0,12.0
14045,UK South,9326.88,1659.75,-7667.13,-82.2,12.0,4.0
18087,UK South,10705.8,3202.92,-7502.88,-70.1,15.0,1.0
14543,UK South,10988.14,3560.08,-7428.06,-67.6,23.0,16.0
12949,UK South,11359.48,4167.22,-7192.26,-63.3,14.0,8.0
15413,UK South,6798.72,0.0,-6798.72,-100.0,5.0,0.0
14258,UK North,19381.36,12669.98,-6711.38,-34.6,16.0,9.0
13734,UK North,6695.69,0.0,-6695.69,-100.0,4.0,0.0
13952,UK North,9572.45,3251.07,-6321.38,-66.0,12.0,2.0
15369,UK South,6251.26,0.0,-6251.26,-100.0,11.0,0.0
17409,UK South,7021.66,771.85,-6249.81,-89.0,8.0,2.0
14299,UK South,10104.63,3965.62,-6139.01,-60.8,18.0,9.0
15497,UK South,7395.19,1262.2,-6132.99,-82.9,7.0,2.0
13935,UK South,6116.92,0.0,-6116.92,-100.0,3.0,0.0
13715,UK South,7075.65,1077.39,-5998.26,-84.8,12.0,5.0
12835,UK South,5996.83,0.0,-5996.83,-100.0,41.0,0.0
13162,UK North,7587.2,1688.29,-5898.91,-77.7,12.0,4.0
14606,UK North,17722.6,11926.15,-5796.45,-32.7,94.0,90.0
14828,UK North,7699.7,2139.76,-5559.94,-72.2,10.0,3.0
13615,UK South,5854.84,417.69,-5437.15,-92.9,7.0,1.0
14040,UK North,8963.49,3560.32,-5403.17,-60.3,23.0,12.0
14249,UK South,5400.46,0.0,-5400.46,-100.0,12.0,0.0
16191,UK South,10497.3,5180.52,-5316.78,-50.6,11.0,13.0
17865,UK South,15785.87,10524.22,-5261.65,-33.3,26.0,20.0
14855,UK South,5874.65,645.65,-5229.0,-89.0,5.0,2.0
15260,UK North,6956.96,1810.77,-5146.19,-74.0,18.0,7.0
16553,UK South,10864.19,5719.82,-5144.37,-47.4,21.0,12.0
16782,UK North,7368.17,2267.95,-5100.22,-69.2,25.0,13.0
12357,DACH,11229.99,6207.67,-5022.32,-44.7,1.0,1.0
17133,UK South,9730.09,4892.24,-4837.85,-49.7,5.0,7.0
17085,UK South,6276.87,1562.4,-4714.47,-75.1,23.0,5.0
16549,UK South,8746.9,4034.9,-4712.0,-53.9,24.0,10.0
13958,UK North,4709.23,0.0,-4709.23,-100.0,8.0,0.0
18260,UK North,7318.91,2628.35,-4690.56,-64.1,17.0,6.0
16746,UK North,11364.94,6680.11,-4684.83,-41.2,24.0,18.0
14062,UK North,15120.8,10464.85,-4655.95,-30.8,12.0,12.0
17716,UK North,10300.98,5655.99,-4644.99,-45.1,13.0,11.0
14685,UK South,4536.64,0.0,-4536.64,-100.0,8.0,0.0
17157,UK South,4832.9,319.0,-4513.9,-93.4,17.0,2.0
17308,UK North,4511.76,0.0,-4511.76,-100.0,2.0,0.0
15093,UK South,9105.36,4597.02,-4508.34,-49.5,17.0,6.0
13001,UK South,14256.68,9785.97,-4470.71,-31.4,20.0,13.0
14648,UK North,4463.39,0.0,-4463.39,-100.0,15.0,0.0
16008,UK North,4860.35,478.78,-4381.57,-90.1,12.0,3.0
16118,UK North,4376.25,0.0,-4376.25,-100.0,1.0,0.0
17146,UK North,5102.86,749.78,-4353.08,-85.3,10.0,3.0
15633,UK South,4335.96,0.0,-4335.96,-100.0,13.0,0.0
12758,Rest of Europe,7111.65,2791.59,-4320.06,-60.7,5.0,2.0
15291,UK South,8849.46,4623.3,-4226.16,-47.8,25.0,14.0
12714,France,8520.85,4294.86,-4225.99,-49.6,7.0,5.0
16550,UK North,6508.71,2298.97,-4209.74,-64.7,13.0,5.0
16749,UK South,4157.88,0.0,-4157.88,-100.0,2.0,0.0
14439,Rest of Europe,6781.8,2661.24,-4120.56,-60.8,4.0,1.0
12497,DACH,5043.4,953.1,-4090.3,-81.1,2.0,1.0
14025,UK South,4057.9,0.0,-4057.9,-100.0,8.0,0.0
16652,UK North,10776.42,6773.97,-4002.45,-37.1,9.0,7.0
17307,UK South,3999.89,0.0,-3999.89,-100.0,11.0,0.0
13735,UK South,6879.23,2883.54,-3995.69,-58.1,9.0,4.0
13680,UK North,7700.55,3719.12,-3981.43,-51.7,8.0,4.0
13542,UK North,3959.49,0.0,-3959.49,-100.0,17.0,0.0
13446,UK North,3881.89,0.0,-3881.89,-100.0,11.0,0.0
15281,UK South,6211.42,2332.15,-3879.27,-62.5,7.0,9.0
15823,UK South,3867.17,0.0,-3867.17,-100.0,2.0,0.0
17508,Rest of Europe,4191.92,387.31,-3804.61,-90.8,7.0,1.0
16636,UK North,3802.04,0.0,-3802.04,-100.0,4.0,0.0
14154,UK North,5115.08,1345.62,-3769.46,-73.7,6.0,2.0
14739,UK South,7671.34,3902.28,-3769.06,-49.1,18.0,7.0
15270,UK North,6145.37,2379.49,-3765.88,-61.3,14.0,7.0
16546,UK North,4519.92,787.15,-3732.77,-82.6,3.0,2.0
13044,UK North,4287.58,560.47,-3727.11,-86.9,10.0,1.0
16125,UK South,4003.0,289.35,-3713.65,-92.8,13.0,1.0
16772,UK North,3698.05,0.0,-3698.05,-100.0,3.0,0.0
17138,UK North,4036.77,380.5,-3656.27,-90.6,6.0,1.0
15950,UK North,5376.2,1744.71,-3631.49,-67.5,6.0,4.0
16320,International,4590.53,1038.46,-3552.07,-77.4,4.0,2.0
12668,DACH,6728.88,3177.15,-3551.73,-52.8,5.0,4.0
16858,UK North,3916.9,375.69,-3541.21,-90.4,9.0,1.0
16336,UK North,3517.69,0.0,-3517.69,-100.0,4.0,0.0
17416,UK North,10405.03,6893.42,-3511.61,-33.7,15.0,7.0
17504,UK North,6493.14,2997.03,-3496.11,-53.8,9.0,9.0
16200,UK North,4539.23,1068.87,-3470.36,-76.5,10.0,2.0
14105,UK South,4722.6,1266.23,-3456.37,-73.2,4.0,1.0
17876,UK North,3424.02,0.0,-3424.02,-100.0,3.0,0.0
15738,UK North,8230.9,4812.42,-3418.48,-41.5,25.0,16.0
13027,UK South,10327.2,6912.0,-3415.2,-33.1,13.0,6.0
14113,UK South,5252.19,1840.42,-3411.77,-65.0,12.0,4.0
15538,UK North,3358.4,0.0,-3358.4,-100.0,6.0,0.0
16103,UK South,4762.07,1429.64,-3332.43,-70.0,16.0,6.0
13225,UK South,9796.23,6463.84,-3332.39,-34.0,9.0,7.0
13031,UK South,3292.84,0.0,-3292.84,-100.0,5.0,0.0
16067,UK South,3269.11,0.0,-3269.11,-100.0,3.0,0.0
13214,UK North,3264.23,0.0,-3264.23,-100.0,7.0,0.0
14676,UK North,5808.55,2548.24,-3260.31,-56.1,6.0,6.0
13329,UK South,4019.77,789.0,-3230.77,-80.4,6.0,2.0
16732,UK North,3783.89,603.75,-3180.14,-84.0,3.0,1.0
17160,UK North,6691.13,3518.03,-3173.1,-47.4,11.0,6.0
12917,UK South,3765.2,594.0,-3171.2,-84.2,5.0,1.0
15614,UK North,3147.36,0.0,-3147.36,-100.0,4.0,0.0
17145,UK South,3120.91,0.0,-3120.91,-100.0,4.0,0.0
17696,UK North,5393.88,2285.71,-3108.17,-57.6,19.0,8.0
16170,UK North,4983.95,1885.05,-3098.9,-62.2,14.0,6.0
12511,Rest of Europe,3084.02,0.0,-3084.02,-100.0,1.0,0.0
15179,UK South,5284.97,2206.95,-3078.02,-58.2,8.0,5.0
12469,International,3070.54,0.0,-3070.54,-100.0,2.0,0.0
15581,UK South,3787.73,717.43,-3070.3,-81.1,24.0,10.0
12843,UK South,4759.61,1702.26,-3057.35,-64.2,20.0,8.0
17364,UK North,7510.24,4462.68,-3047.56,-40.6,17.0,11.0
14081,UK South,3945.95,921.62,-3024.33,-76.6,8.0,2.0
16351,UK South,3176.13,153.9,-3022.23,-95.2,12.0,1.0
16072,UK North,3595.77,584.32,-3011.45,-83.7,3.0,1.0
16709,UK South,6026.14,3029.87,-2996.27,-49.7,9.0,5.0
14590,UK North,2993.37,0.0,-2993.37,-100.0,20.0,0.0
12823,UK South,4742.0,1759.5,-2982.5,-62.9,13.0,5.0
17829,International,3867.5,889.24,-2978.26,-77.0,4.0,1.0
15296,UK North,6650.17,3672.86,-2977.31,-44.8,6.0,6.0
16736,UK North,2956.56,0.0,-2956.56,-100.0,5.0,0.0
16131,UK South,6450.88,3506.54,-2944.34,-45.6,6.0,6.0
18178,UK North,4512.93,1590.81,-2922.12,-64.7,7.0,4.0
17032,UK North,2896.69,0.0,-2896.69,-100.0,5.0,0.0
13141,UK South,5267.33,2388.75,-2878.58,-54.6,12.0,5.0
16467,UK South,2869.16,0.0,-2869.16,-100.0,7.0,0.0
18064,UK North,3667.83,814.0,-2853.83,-77.8,9.0,2.0
12472,DACH,8903.18,6068.11,-2835.07,-31.8,12.0,7.0
15984,UK North,5612.39,2780.63,-2831.76,-50.5,20.0,10.0
17584,UK North,4067.12,1242.3,-2824.82,-69.5,4.0,2.0
14030,UK North,5162.96,2358.84,-2804.12,-54.3,12.0,8.0
13205,UK South,2803.2,0.0,-2803.2,-100.0,1.0,0.0
16168,UK North,6573.07,3787.6,-2785.47,-42.4,39.0,27.0
13931,UK South,4019.85,1237.53,-2782.32,-69.2,9.0,2.0
12623,DACH,3046.74,269.1,-2777.64,-91.2,6.0,1.0
15817,UK South,2766.4,0.0,-2766.4,-100.0,3.0,0.0
14426,UK North,7246.27,4481.67,-2764.6,-38.2,7.0,10.0
16335,UK South,2753.52,0.0,-2753.52,-100.0,7.0,0.0
17241,UK South,2736.64,0.0,-2736.64,-100.0,12.0,0.0
14918,UK North,4345.66,1610.15,-2735.51,-62.9,7.0,2.0
12986,UK North,2729.84,0.0,-2729.84,-100.0,10.0,0.0
14016,Ireland,7012.2,4291.21,-2720.99,-38.8,7.0,4.0
18231,UK South,4776.5,2071.77,-2704.73,-56.6,23.0,5.0
14625,UK South,3598.25,899.63,-2698.62,-75.0,9.0,2.0
17873,UK South,4416.37,1719.58,-2696.79,-61.1,13.0,5.0
16279,UK South,4195.5,1502.78,-2692.72,-64.2,6.0,3.0
13786,UK North,2897.59,230.4,-2667.19,-92.0,5.0,1.0
12671,DACH,2622.48,0.0,-2622.48,-100.0,1.0,0.0
13178,UK North,8333.72,5725.47,-2608.25,-31.3,10.0,11.0
17913,UK South,3016.44,408.65,-2607.79,-86.5,12.0,2.0
14564,UK South,2605.62,0.0,-2605.62,-100.0,2.0,0.0
15571,UK South,3241.92,650.43,-2591.49,-79.9,10.0,4.0
17931,UK South,2993.88,408.36,-2585.52,-86.4,12.0,2.0
13357,UK South,3185.61,609.4,-2576.21,-80.9,4.0,1.0
12806,Benelux,2558.96,0.0,-2558.96,-100.0,2.0,0.0
16327,UK South,6339.37,3789.67,-2549.7,-40.2,10.0,6.0
13291,UK South,2909.68,361.11,-2548.57,-87.6,10.0,1.0
15981,UK South,5954.29,3408.48,-2545.81,-42.8,13.0,8.0
17465,UK South,2542.79,0.0,-2542.79,-100.0,7.0,0.0
17457,UK South,4247.11,1737.7,-2509.41,-59.1,9.0,5.0
12978,UK North,2502.82,0.0,-2502.82,-100.0,5.0,0.0
13174,UK North,5233.64,2738.82,-2494.82,-47.7,8.0,3.0
15874,UK North,6878.88,4405.88,-2473.0,-36.0,14.0,7.0
14461,UK South,4573.85,2102.67,-2471.18,-54.0,10.0,3.0
16400,UK North,2755.92,303.93,-2451.99,-89.0,8.0,1.0
15077,UK South,2428.08,0.0,-2428.08,-100.0,2.0,0.0
14593,UK South,3040.88,617.15,-2423.73,-79.7,9.0,3.0
13052,UK North,2770.33,348.15,-2422.18,-87.4,6.0,1.0
16325,UK South,3003.26,594.24,-2409.02,-80.2,9.0,3.0
14514,UK North,3389.84,990.2,-2399.64,-70.8,6.0,3.0
15674,UK North,4501.63,2111.89,-2389.74,-53.1,8.0,4.0
12437,France,6834.99,4447.41,-2387.58,-34.9,20.0,18.0
15222,UK North,2965.91,585.0,-2380.91,-80.3,10.0,1.0
17802,UK North,3661.18,1285.04,-2376.14,-64.9,7.0,3.0
17204,UK North,3940.13,1564.56,-2375.57,-60.3,5.0,4.0
13590,UK North,4354.12,1981.92,-2372.2,-54.5,12.0,6.0
14882,UK North,2956.95,589.7,-2367.25,-80.1,12.0,2.0
12631,Rest of Europe,2841.07,480.5,-2360.57,-83.1,5.0,1.0
12380,Benelux,4782.84,2427.81,-2355.03,-49.2,4.0,4.0
15015,UK South,2344.47,0.0,-2344.47,-100.0,13.0,0.0
16742,UK North,2334.97,0.0,-2334.97,-100.0,13.0,0.0
14938,UK South,2322.43,0.0,-2322.43,-100.0,2.0,0.0
16444,UK North,2971.21,654.67,-2316.54,-78.0,13.0,4.0
17113,UK South,2305.59,0.0,-2305.59,-100.0,6.0,0.0
15946,UK North,2304.18,0.0,-2304.18,-100.0,3.0,0.0
16077,UK South,2300.4,0.0,-2300.4,-100.0,1.0,0.0
13371,UK South,2297.66,0.0,-2297.66,-100.0,2.0,0.0
16190,UK North,2508.47,215.08,-2293.39,-91.4,7.0,1.0
18051,UK South,2282.28,0.0,-2282.28,-100.0,7.0,0.0
12422,International,2955.79,683.56,-2272.23,-76.9,9.0,3.0
15638,UK North,2265.2,0.0,-2265.2,-100.0,6.0,0.0
16563,UK South,3334.82,1077.74,-2257.08,-67.7,5.0,1.0
16992,UK North,3862.19,1614.31,-2247.88,-58.2,8.0,5.0
13407,UK South,2244.7,0.0,-2244.7,-100.0,3.0,0.0
15629,UK South,2240.9,0.0,-2240.9,-100.0,4.0,0.0
17858,UK North,7377.99,5140.66,-2237.33,-30.3,18.0,12.0
15898,UK North,3608.87,1383.83,-2225.04,-61.7,20.0,5.0
13478,UK North,2215.78,0.0,-2215.78,-100.0,5.0,0.0
18194,UK North,3188.2,973.84,-2214.36,-69.5,5.0,1.0
13758,UK North,5404.74,3190.55,-2214.19,-41.0,7.0,7.0
15476,UK North,2209.98,0.0,-2209.98,-100.0,4.0,0.0
13157,UK South,3946.14,1741.22,-2204.92,-55.9,5.0,4.0
15934,UK North,2190.66,0.0,-2190.66,-100.0,2.0,0.0
13107,UK South,3721.45,1531.62,-2189.83,-58.8,5.0,4.0
13831,UK South,4387.09,2198.45,-2188.64,-49.9,12.0,6.0
14442,UK South,3777.2,1589.82,-2187.38,-57.9,5.0,2.0
16104,UK North,2476.25,298.21,-2178.04,-88.0,8.0,1.0
15967,UK South,2568.32,397.68,-2170.64,-84.5,10.0,2.0
17822,UK North,2154.08,0.0,-2154.08,-100.0,5.0,0.0
13037,UK South,3033.88,881.07,-2152.81,-71.0,9.0,3.0
17739,UK South,4939.24,2791.35,-2147.89,-43.5,11.0,7.0
16004,UK North,2146.39,0.0,-2146.39,-100.0,5.0,0.0
13152,UK North,2146.38,0.0,-2146.38,-100.0,7.0,0.0
12589,France,2720.23,574.68,-2145.55,-78.9,4.0,2.0
17618,UK North,3071.36,930.28,-2141.08,-69.7,8.0,3.0
17305,UK South,2135.46,0.0,-2135.46,-100.0,1.0,0.0
14634,UK North,2124.46,0.0,-2124.46,-100.0,4.0,0.0
15754,UK North,2579.04,458.57,-2120.47,-82.2,6.0,3.0
15998,UK North,5193.92,3080.22,-2113.7,-40.7,11.0,5.0
16208,UK North,2776.19,664.26,-2111.93,-76.1,8.0,2.0
17230,UK North,5750.08,3638.41,-2111.67,-36.7,10.0,8.0
14399,UK South,2108.21,0.0,-2108.21,-100.0,8.0,0.0
13485,UK South,2560.98,454.24,-2106.74,-82.3,10.0,1.0
12975,UK South,2100.09,0.0,-2100.09,-100.0,6.0,0.0
14469,UK South,2093.46,0.0,-2093.46,-100.0,4.0,0.0
15151,UK South,2085.61,0.0,-2085.61,-100.0,2.0,0.0
12872,UK North,2683.99,599.97,-2084.02,-77.6,10.0,2.0
18026,UK North,2074.07,0.0,-2074.07,-100.0,2.0,0.0
18258,UK North,2059.67,0.0,-2059.67,-100.0,6.0,0.0
16176,UK North,2052.69,0.0,-2052.69,-100.0,4.0,0.0
14243,UK South,4628.98,2588.77,-2040.21,-44.1,7.0,10.0
16331,UK South,2037.7,0.0,-2037.7,-100.0,6.0,0.0
13491,UK South,3251.84,1215.82,-2036.02,-62.6,17.0,10.0
14225,UK South,2031.07,0.0,-2031.07,-100.0,4.0,0.0
14295,UK South,2186.71,166.2,-2020.51,-92.4,3.0,1.0
13696,UK North,2020.4,0.0,-2020.4,-100.0,3.0,0.0
16197,UK South,2016.71,0.0,-2016.71,-100.0,9.0,0.0
17031,UK South,2393.5,380.35,-2013.15,-84.1,4.0,2.0
13693,UK South,2011.82,0.0,-2011.82,-100.0,9.0,0.0
15372,UK North,4009.66,2007.4,-2002.26,-49.9,7.0,1.0
15481,Rest of Europe,1993.34,0.0,-1993.34,-100.0,1.0,0.0
14532,UK North,2912.93,932.85,-1980.08,-68.0,7.0,4.0
16933,UK South,2536.07,563.23,-1972.84,-77.8,7.0,2.0
17550,UK North,2239.48,267.16,-1972.32,-88.1,6.0,3.0
14451,UK South,2614.78,643.9,-1970.88,-75.4,10.0,2.0
16032,UK North,1965.72,0.0,-1965.72,-100.0,6.0,0.0
12982,UK North,2354.27,390.54,-1963.73,-83.4,7.0,1.0
17092,UK North,3737.38,1774.03,-1963.35,-52.5,7.0,4.0
13047,UK South,5190.99,3232.59,-1958.4,-37.7,14.0,9.0
16290,UK North,1957.7,0.0,-1957.7,-100.0,4.0,0.0
17039,UK South,1954.99,0.0,-1954.99,-100.0,1.0,0.0
16993,UK South,1950.95,0.0,-1950.95,-100.0,2.0,0.0
15425,UK South,1941.12,0.0,-1941.12,-100.0,4.0,0.0
13317,UK South,4212.41,2273.68,-1938.73,-46.0,13.0,6.0
17625,UK South,3958.5,2020.4,-1938.1,-49.0,4.0,4.0
17640,UK North,2547.28,621.66,-1925.62,-75.6,5.0,1.0
13059,UK South,2108.37,183.4,-1924.97,-91.3,9.0,1.0
15255,UK South,2815.17,890.85,-1924.32,-68.4,8.0,1.0
12468,DACH,2581.2,657.54,-1923.66,-74.5,3.0,2.0
14492,UK North,1921.91,0.0,-1921.91,-100.0,7.0,0.0
16954,UK North,3996.8,2085.08,-1911.72,-47.8,11.0,9.0
15421,UK South,2854.98,950.36,-1904.62,-66.7,6.0,4.0
12524,DACH,5848.39,3945.72,-1902.67,-32.5,9.0,8.0
17969,UK South,2126.09,228.2,-1897.89,-89.3,18.0,2.0
15248,UK North,1893.93,0.0,-1893.93,-100.0,3.0,0.0
13634,UK North,3440.72,1547.36,-1893.36,-55.0,10.0,5.0
16631,UK South,1892.52,0.0,-1892.52,-100.0,7.0,0.0
14770,UK North,2761.22,876.42,-1884.8,-68.3,6.0,2.0
17646,UK North,2890.4,1008.39,-1882.01,-65.1,9.0,3.0
13557,UK South,2448.2,584.06,-1864.14,-76.1,11.0,2.0
13762,UK North,2165.76,306.72,-1859.04,-85.8,4.0,1.0
12687,Rest of Europe,1858.91,0.0,-1858.91,-100.0,1.0,0.0
14465,UK South,2887.41,1038.44,-1848.97,-64.0,8.0,3.0
16499,UK South,2212.89,365.45,-1847.44,-83.5,6.0,2.0
12391,Rest of Europe,2285.18,439.66,-1845.52,-80.8,5.0,1.0
18061,UK South,3964.4,2119.41,-1844.99,-46.5,18.0,10.0
15623,UK South,2136.02,301.03,-1834.99,-85.9,7.0,1.0
15079,UK South,2729.79,895.61,-1834.18,-67.2,7.0,4.0
13869,UK South,4913.22,3083.65,-1829.57,-37.2,6.0,4.0
13473,UK South,2235.12,422.64,-1812.48,-81.1,6.0,2.0
13929,UK South,2651.45,842.65,-1808.8,-68.2,9.0,2.0
17965,UK South,4403.71,2599.19,-1804.52,-41.0,15.0,14.0
14540,UK North,2756.98,952.66,-1804.32,-65.4,8.0,3.0
16797,UK South,1802.02,0.0,-1802.02,-100.0,5.0,0.0
13327,UK South,5425.1,3627.77,-1797.33,-33.1,11.0,8.0
15031,UK South,2449.75,653.19,-1796.56,-73.3,10.0,4.0
12759,Benelux,3207.3,1411.44,-1795.86,-56.0,5.0,3.0
16718,UK North,2400.03,606.05,-1793.98,-74.7,4.0,1.0
13763,UK South,3502.48,1714.96,-1787.52,-51.0,2.0,1.0
15043,UK South,2318.32,537.0,-1781.32,-76.8,5.0,1.0
15480,Rest of Europe,2686.75,905.5,-1781.25,-66.3,2.0,1.0
14044,UK North,2427.53,646.42,-1781.11,-73.4,6.0,4.0
18214,UK North,1780.34,0.0,-1780.34,-100.0,4.0,0.0
13920,UK North,1774.68,0.0,-1774.68,-100.0,4.0,0.0
16202,UK North,2136.72,365.27,-1771.45,-82.9,8.0,1.0
14933,UK South,1770.0,0.0,-1770.0,-100.0,4.0,0.0
15972,UK North,1769.33,0.0,-1769.33,-100.0,5.0,0.0
14824,UK North,2895.2,1127.71,-1767.49,-61.0,6.0,4.0
15736,UK North,1767.12,0.0,-1767.12,-100.0,2.0,0.0
13648,UK North,1759.07,0.0,-1759.07,-100.0,8.0,0.0
13659,UK South,3321.68,1563.0,-1758.68,-52.9,10.0,2.0
15182,UK North,2376.1,622.85,-1753.25,-73.8,9.0,2.0
13707,UK South,2559.45,806.41,-1753.04,-68.5,3.0,2.0
12863,UK South,2271.35,521.2,-1750.15,-77.1,5.0,1.0
13464,UK North,2422.96,674.68,-1748.28,-72.2,5.0,1.0
16347,UK South,2595.51,847.45,-1748.06,-67.3,9.0,2.0
15980,UK North,4144.82,2398.86,-1745.96,-42.1,4.0,3.0
14210,UK North,3650.73,1905.84,-1744.89,-47.8,10.0,6.0
16087,UK South,1739.92,0.0,-1739.92,-100.0,5.0,0.0
17848,UK North,2637.26,901.2,-1736.06,-65.8,21.0,9.0
14970,UK North,3327.29,1592.06,-1735.23,-52.2,8.0,4.0
15389,UK South,2233.8,500.0,-1733.8,-77.6,4.0,1.0
17287,UK South,2777.8,1049.06,-1728.74,-62.2,14.0,7.0
16735,UK South,3970.0,2247.41,-1722.59,-43.4,9.0,5.0
12643,France,4762.18,3041.64,-1720.54,-36.1,5.0,6.0
16105,UK South,2049.23,336.96,-1712.27,-83.6,4.0,1.0
13665,UK South,1711.66,0.0,-1711.66,-100.0,3.0,0.0
17412,UK North,2962.16,1258.06,-1704.1,-57.5,9.0,7.0
16883,UK South,1973.58,272.48,-1701.1,-86.2,17.0,2.0
14459,UK South,3537.82,1837.92,-1699.9,-48.0,1.0,1.0
13999,UK South,5600.45,3901.81,-1698.64,-30.3,17.0,12.0
12932,UK North,1698.56,0.0,-1698.56,-100.0,8.0,0.0
16456,UK North,3842.76,2158.18,-1684.58,-43.8,8.0,5.0
15911,UK South,1683.79,0.0,-1683.79,-100.0,8.0,0.0
13173,UK South,2036.17,353.65,-1682.52,-82.6,9.0,2.0
12976,UK North,2417.78,738.6,-1679.18,-69.5,7.0,1.0
14555,UK South,1991.49,312.54,-1678.95,-84.3,4.0,2.0
12870,UK North,1676.95,0.0,-1676.95,-100.0,3.0,0.0
14831,UK South,1676.57,0.0,-1676.57,-100.0,3.0,0.0
14431,UK South,2143.84,470.36,-1673.48,-78.1,3.0,1.0
12586,Rest of Europe,1865.73,196.94,-1668.79,-89.4,3.0,1.0
13663,UK South,1858.04,189.47,-1668.57,-89.8,4.0,1.0
12385,Benelux,1668.4,0.0,-1668.4,-100.0,1.0,0.0
16329,UK South,1664.92,0.0,-1664.92,-100.0,4.0,0.0
12733,International,2040.07,383.95,-1656.12,-81.2,3.0,1.0
17096,UK North,2675.8,1022.13,-1653.67,-61.8,7.0,4.0
12911,UK South,1651.72,0.0,-1651.72,-100.0,1.0,0.0
18009,UK South,1896.84,247.39,-1649.45,-87.0,7.0,1.0
16147,UK South,2023.91,375.0,-1648.91,-81.5,4.0,1.0
17372,UK North,2979.28,1337.18,-1642.1,-55.1,19.0,8.0
14560,UK North,3876.26,2237.77,-1638.49,-42.3,22.0,22.0
15310,UK North,1634.64,0.0,-1634.64,-100.0,1.0,0.0
13979,UK South,2503.76,869.87,-1633.89,-65.3,6.0,1.0
18215,UK South,1933.15,299.34,-1633.81,-84.5,4.0,1.0
12838,UK North,2303.96,671.95,-1632.01,-70.8,8.0,2.0
13554,UK North,1629.35,0.0,-1629.35,-100.0,7.0,0.0
13154,UK North,1624.84,0.0,-1624.84,-100.0,3.0,0.0
14147,UK South,2106.8,483.4,-1623.4,-77.1,7.0,2.0
15142,UK North,2121.18,498.74,-1622.44,-76.5,5.0,1.0
12813,Benelux,1621.8,0.0,-1621.8,-100.0,3.0,0.0
14913,UK South,2845.7,1227.43,-1618.27,-56.9,4.0,4.0
15013,UK South,1610.82,0.0,-1610.82,-100.0,10.0,0.0
17700,UK North,4145.33,2534.64,-1610.69,-38.9,10.0,4.0
16860,UK North,1610.62,0.0,-1610.62,-100.0,3.0,0.0
17814,UK North,1609.37,0.0,-1609.37,-100.0,2.0,0.0
16409,UK South,3629.76,2022.98,-1606.78,-44.3,7.0,5.0
13085,UK South,2017.2,416.08,-1601.12,-79.4,6.0,2.0
16383,UK South,2244.23,643.76,-1600.47,-71.3,5.0,2.0
15812,UK North,3400.33,1801.14,-1599.19,-47.0,7.0,5.0
17853,UK South,1596.29,0.0,-1596.29,-100.0,3.0,0.0
17028,UK North,1593.83,0.0,-1593.83,-100.0,3.0,0.0
12358,DACH,2519.01,928.06,-1590.95,-63.2,3.0,2.0
14817,UK South,2599.52,1010.34,-1589.18,-61.1,5.0,2.0
13156,UK North,1586.54,0.0,-1586.54,-100.0,3.0,0.0
16177,UK South,1915.36,331.95,-1583.41,-82.7,7.0,1.0
13394,UK North,4101.68,2520.02,-1581.66,-38.6,11.0,8.0
13202,UK North,1580.3,0.0,-1580.3,-100.0,7.0,0.0
17576,UK North,5140.77,3564.83,-1575.94,-30.7,22.0,19.0
13337,UK South,1575.26,0.0,-1575.26,-100.0,1.0,0.0
16938,UK North,4283.68,2711.68,-1572.0,-36.7,5.0,4.0
15641,UK South,3458.35,1887.2,-1571.15,-45.4,8.0,4.0
14136,UK North,1570.81,0.0,-1570.81,-100.0,5.0,0.0
12549,International,1570.68,0.0,-1570.68,-100.0,5.0,0.0
15332,Rest of Europe,3231.62,1661.06,-1570.56,-48.6,2.0,4.0
17663,UK South,3372.92,1802.91,-1570.01,-46.5,10.0,7.0
16485,UK South,1923.54,363.65,-1559.89,-81.1,4.0,1.0
17732,UK North,1862.45,303.97,-1558.48,-83.7,7.0,1.0
17851,UK South,1552.35,0.0,-1552.35,-100.0,6.0,0.0
14186,UK North,1550.63,0.0,-1550.63,-100.0,5.0,0.0
17526,UK North,2743.34,1195.9,-1547.44,-56.4,8.0,4.0
13983,UK South,4150.46,2603.43,-1547.03,-37.3,9.0,12.0
13783,UK South,1542.09,0.0,-1542.09,-100.0,4.0,0.0
16094,UK North,2617.33,1078.23,-1539.1,-58.8,7.0,4.0
15798,UK North,1535.37,0.0,-1535.37,-100.0,3.0,0.0
14695,UK South,1534.22,0.0,-1534.22,-100.0,3.0,0.0
14867,UK South,2241.78,710.28,-1531.5,-68.3,13.0,3.0
13963,UK South,2196.03,664.54,-1531.49,-69.7,13.0,4.0
15750,UK North,3989.94,2463.05,-1526.89,-38.3,10.0,8.0
16823,UK South,1884.71,358.38,-1526.33,-81.0,6.0,1.0
16611,UK South,1655.64,129.49,-1526.15,-92.2,5.0,1.0
12926,UK North,1523.59,0.0,-1523.59,-100.0,4.0,0.0
12531,DACH,1645.98,125.22,-1520.76,-92.4,1.0,1.0
13561,UK South,1661.54,141.86,-1519.68,-91.5,10.0,1.0
15944,UK North,1839.14,325.1,-1514.04,-82.3,3.0,1.0
17610,UK North,1511.94,0.0,-1511.94,-100.0,5.0,0.0
15757,UK South,2225.94,714.42,-1511.52,-67.9,4.0,2.0
12369,DACH,1511.15,0.0,-1511.15,-100.0,3.0,0.0
17692,UK North,2234.86,725.58,-1509.28,-67.5,8.0,4.0
13360,UK North,1503.65,0.0,-1503.65,-100.0,4.0,0.0
16206,UK North,2040.06,537.06,-1503.0,-73.7,9.0,4.0
15607,UK South,1604.21,104.76,-1499.45,-93.5,8.0,1.0
15590,UK North,1496.6,0.0,-1496.6,-100.0,5.0,0.0
15173,UK South,1494.6,0.0,-1494.6,-100.0,7.0,0.0
16314,UK North,1491.4,0.0,-1491.4,-100.0,3.0,0.0
13042,UK North,1488.59,0.0,-1488.59,-100.0,3.0,0.0
13823,UK South,2445.79,957.66,-1488.13,-60.8,5.0,2.0
16619,UK South,1712.12,226.21,-1485.91,-86.8,3.0,1.0
16153,UK South,3309.26,1824.23,-1485.03,-44.9,6.0,5.0
14205,UK South,1947.5,466.7,-1480.8,-76.0,7.0,2.0
17165,UK South,1635.64,158.68,-1476.96,-90.3,5.0,1.0
12857,UK South,2581.6,1106.4,-1475.2,-57.1,4.0,2.0
13338,UK North,1908.6,437.02,-1471.58,-77.1,3.0,1.0
13593,UK South,3481.41,2011.88,-1469.53,-42.2,9.0,5.0
14744,UK North,2560.1,1099.98,-1460.12,-57.0,7.0,7.0
13377,UK South,1452.88,0.0,-1452.88,-100.0,2.0,0.0
13361,UK South,1450.5,0.0,-1450.5,-100.0,2.0,0.0
15876,UK North,1449.14,0.0,-1449.14,-100.0,2.0,0.0
13543,UK South,1439.61,0.0,-1439.61,-100.0,2.0,0.0
18268,UK North,1464.73,25.5,-1439.23,-98.3,5.0,1.0
16088,UK North,1437.43,0.0,-1437.43,-100.0,2.0,0.0
12389,International,1433.33,0.0,-1433.33,-100.0,3.0,0.0
16812,UK North,1912.65,479.35,-1433.3,-74.9,3.0,1.0
14766,UK North,3902.36,2473.37,-1428.99,-36.6,5.0,6.0
13799,UK South,2114.71,688.86,-1425.85,-67.4,7.0,2.0
15422,UK North,1522.27,97.7,-1424.57,-93.6,5.0,2.0
12374,DACH,2046.29,622.93,-1423.36,-69.6,2.0,1.0
14682,UK North,1462.81,52.0,-1410.81,-96.4,4.0,2.0
12510,Rest of Europe,2224.46,814.57,-1409.89,-63.4,5.0,2.0
16854,UK North,1408.96,0.0,-1408.96,-100.0,2.0,0.0
16571,UK South,2827.05,1421.69,-1405.36,-49.7,7.0,3.0
14909,UK South,1404.68,0.0,-1404.68,-100.0,3.0,0.0
16620,UK North,1579.97,178.96,-1401.01,-88.7,4.0,2.0
17929,UK South,2239.1,843.0,-1396.1,-62.4,8.0,4.0
16129,UK South,1396.05,0.0,-1396.05,-100.0,3.0,0.0
12802,Benelux,1788.84,397.58,-1391.26,-77.8,4.0,1.0
15141,UK South,1388.47,0.0,-1388.47,-100.0,7.0,0.0
17742,UK North,1743.37,355.11,-1388.26,-79.6,9.0,2.0
16167,UK South,1386.12,0.0,-1386.12,-100.0,5.0,0.0
15751,UK South,1380.44,0.0,-1380.44,-100.0,11.0,0.0
13074,UK North,1378.74,0.0,-1378.74,-100.0,4.0,0.0
15580,UK North,1375.39,0.0,-1375.39,-100.0,8.0,0.0
14316,UK North,1370.34,0.0,-1370.34,-100.0,5.0,0.0
14988,UK North,1704.11,334.54,-1369.57,-80.4,6.0,1.0
16300,UK North,1367.32,0.0,-1367.32,-100.0,3.0,0.0
16560,UK North,2206.97,841.41,-1365.56,-61.9,6.0,2.0
15680,UK North,2695.01,1333.68,-1361.33,-50.5,7.0,3.0
16588,UK North,1361.28,0.0,-1361.28,-100.0,4.0,0.0
17150,UK North,1357.95,0.0,-1357.95,-100.0,6.0,0.0
14047,UK South,2659.5,1308.61,-1350.89,-50.8,9.0,5.0
13503,UK South,1561.19,216.85,-1344.34,-86.1,4.0,1.0
16555,UK South,1629.79,285.89,-1343.9,-82.5,4.0,2.0
12836,UK North,3949.37,2610.36,-1339.01,-33.9,11.0,4.0
14869,UK South,2056.69,721.45,-1335.24,-64.9,4.0,2.0
14899,UK South,1331.38,0.0,-1331.38,-100.0,1.0,0.0
15712,UK North,2400.05,1072.36,-1327.69,-55.3,7.0,5.0
15367,UK South,3203.74,1877.59,-1326.15,-41.4,7.0,4.0
14956,UK North,1325.0,0.0,-1325.0,-100.0,1.0,0.0
12960,UK North,1322.07,0.0,-1322.07,-100.0,4.0,0.0
12913,UK South,3799.61,2483.63,-1315.98,-34.6,8.0,5.0
16296,UK North,1313.67,0.0,-1313.67,-100.0,4.0,0.0
15785,UK South,3640.96,2328.97,-1311.99,-36.0,11.0,5.0
17623,UK South,1838.72,527.05,-1311.67,-71.3,6.0,1.0
18220,UK North,1616.48,305.28,-1311.2,-81.1,5.0,1.0
13855,UK South,1310.34,0.0,-1310.34,-100.0,4.0,0.0
15167,UK South,1468.82,158.8,-1310.02,-89.2,4.0,1.0
17469,UK South,3180.28,1870.97,-1309.31,-41.2,12.0,5.0
16894,UK North,1306.96,0.0,-1306.96,-100.0,3.0,0.0
14857,UK South,2478.73,1173.12,-1305.61,-52.7,5.0,2.0
17884,UK North,1998.4,695.07,-1303.33,-65.2,16.0,4.0
12765,Benelux,1299.58,0.0,-1299.58,-100.0,6.0,0.0
17612,UK North,3346.41,2048.45,-1297.96,-38.8,12.0,6.0
12633,DACH,3226.18,1929.98,-1296.2,-40.2,3.0,4.0
13440,UK North,1295.25,0.0,-1295.25,-100.0,7.0,0.0
13736,UK North,2022.67,729.8,-1292.87,-63.9,5.0,2.0
13451,UK South,4190.66,2898.26,-1292.4,-30.8,6.0,5.0
14679,UK South,1289.44,0.0,-1289.44,-100.0,3.0,0.0
13711,UK South,1540.2,252.06,-1288.14,-83.6,7.0,2.0
16608,UK North,1286.62,0.0,-1286.62,-100.0,2.0,0.0
14496,UK North,1825.08,538.81,-1286.27,-70.5,5.0,2.0
13077,UK South,2012.63,728.02,-1284.61,-63.8,7.0,4.0
16584,UK North,2220.09,936.08,-1284.01,-57.8,3.0,2.0
12873,UK South,1653.3,374.0,-1279.3,-77.4,2.0,1.0
15325,UK South,1439.72,161.74,-1277.98,-88.8,7.0,1.0
14478,UK North,1276.66,0.0,-1276.66,-100.0,4.0,0.0
13916,UK North,1275.81,0.0,-1275.81,-100.0,4.0,0.0
16124,UK North,1523.49,249.0,-1274.49,-83.7,3.0,1.0
14490,UK North,1273.47,0.0,-1273.47,-100.0,2.0,0.0
17478,UK North,1272.8,0.0,-1272.8,-100.0,2.0,0.0
14327,UK South,1583.28,311.65,-1271.63,-80.3,5.0,1.0
13461,UK South,2715.0,1445.0,-1270.0,-46.8,3.0,3.0
13443,UK South,1269.37,0.0,-1269.37,-100.0,6.0,0.0
15439,UK South,1269.05,0.0,-1269.05,-100.0,4.0,0.0
14440,UK North,3624.35,2357.68,-1266.67,-34.9,8.0,5.0
17635,UK South,1265.58,0.0,-1265.58,-100.0,3.0,0.0
14740,UK North,2712.85,1448.21,-1264.64,-46.6,8.0,3.0
15755,UK South,3628.87,2364.25,-1264.62,-34.8,11.0,6.0
16510,UK North,1509.15,248.1,-1261.05,-83.6,5.0,1.0
15789,UK South,1610.71,351.3,-1259.41,-78.2,5.0,1.0
16065,UK South,1624.99,367.14,-1257.85,-77.4,7.0,1.0
15221,UK South,1658.95,403.25,-1255.7,-75.7,3.0,1.0
15353,UK South,2024.35,770.12,-1254.23,-62.0,5.0,2.0
15441,UK South,1254.21,0.0,-1254.21,-100.0,3.0,0.0
16461,UK South,1396.91,142.92,-1253.99,-89.8,2.0,1.0
12666,International,1248.42,0.0,-1248.42,-100.0,1.0,0.0
18286,UK North,1246.43,0.0,-1246.43,-100.0,2.0,0.0
13875,UK South,3027.58,1786.79,-1240.79,-41.0,9.0,5.0
17529,UK South,1240.25,0.0,-1240.25,-100.0,2.0,0.0
13562,UK North,3038.85,1799.33,-1239.52,-40.8,5.0,3.0
17083,UK South,2644.01,1405.78,-1238.23,-46.8,6.0,3.0
14548,UK North,1888.49,652.8,-1235.69,-65.4,7.0,2.0
13201,UK South,1233.06,0.0,-1233.06,-100.0,4.0,0.0
16795,UK South,1647.53,414.88,-1232.65,-74.8,2.0,1.0
12805,Benelux,1230.95,0.0,-1230.95,-100.0,4.0,0.0
13019,UK South,1229.95,0.0,-1229.95,-100.0,6.0,0.0
14566,UK South,2660.0,1432.0,-1228.0,-46.2,3.0,1.0
17342,UK North,1227.54,0.0,-1227.54,-100.0,4.0,0.0
14737,UK South,2389.62,1164.55,-1225.07,-51.3,1.0,3.0
12533,DACH,1223.89,0.0,-1223.89,-100.0,2.0,0.0
15885,UK South,1572.47,349.35,-1223.12,-77.8,12.0,1.0
15456,UK North,1656.93,434.59,-1222.34,-73.8,7.0,3.0
17534,UK North,1445.47,223.36,-1222.11,-84.5,4.0,1.0
16946,UK North,1222.04,0.0,-1222.04,-100.0,5.0,0.0
17132,UK North,1220.91,0.0,-1220.91,-100.0,2.0,0.0
14430,UK North,1220.9,0.0,-1220.9,-100.0,3.0,0.0
15122,UK North,2853.49,1633.78,-1219.71,-42.7,8.0,3.0
15390,International,1216.66,0.0,-1216.66,-100.0,2.0,0.0
16634,UK North,1431.91,217.9,-1214.01,-84.8,4.0,2.0
14344,UK North,2103.12,889.93,-1213.19,-57.7,12.0,8.0
15321,UK South,3961.42,2748.31,-1213.11,-30.6,9.0,3.0
12711,DACH,1213.05,0.0,-1213.05,-100.0,2.0,0.0
15377,UK South,1211.75,0.0,-1211.75,-100.0,4.0,0.0
16283,UK South,2779.51,1569.11,-1210.4,-43.5,3.0,5.0
16005,UK South,1786.36,578.71,-1207.65,-67.6,6.0,4.0
16569,UK South,1331.03,124.2,-1206.83,-90.7,4.0,1.0
12742,International,1201.52,0.0,-1201.52,-100.0,1.0,0.0
15600,UK North,1199.31,0.0,-1199.31,-100.0,4.0,0.0
12629,Rest of Europe,1198.22,0.0,-1198.22,-100.0,2.0,0.0
17713,UK South,1198.09,0.0,-1198.09,-100.0,4.0,0.0
14915,UK South,1503.77,307.48,-1196.29,-79.6,9.0,2.0
16307,UK South,1194.92,0.0,-1194.92,-100.0,3.0,0.0
13293,UK South,1192.94,0.0,-1192.94,-100.0,6.0,0.0
14213,UK South,1192.2,0.0,-1192.2,-100.0,1.0,0.0
16501,UK South,1191.23,0.0,-1191.23,-100.0,1.0,0.0
18245,UK South,3757.92,2567.06,-1190.86,-31.7,13.0,7.0
14275,UK South,1189.38,0.0,-1189.38,-100.0,6.0,0.0
13883,UK South,3860.89,2674.48,-1186.41,-30.7,9.0,5.0
14441,UK South,2898.8,1712.89,-1185.91,-40.9,7.0,4.0
18060,UK North,1185.46,0.0,-1185.46,-100.0,2.0,0.0
13092,UK North,1662.45,477.83,-1184.62,-71.3,7.0,5.0
14870,UK North,1511.7,327.25,-1184.45,-78.4,5.0,1.0
15366,UK North,1786.57,602.51,-1184.06,-66.3,5.0,2.0
15259,UK South,1182.38,0.0,-1182.38,-100.0,4.0,0.0
17021,UK South,1182.22,0.0,-1182.22,-100.0,6.0,0.0
13526,UK North,1182.0,0.0,-1182.0,-100.0,2.0,0.0
13797,UK South,1179.45,0.0,-1179.45,-100.0,3.0,0.0
18025,UK South,1177.72,0.0,-1177.72,-100.0,6.0,0.0
16950,UK North,2355.21,1178.56,-1176.65,-50.0,7.0,3.0
12615,France,3269.79,2093.19,-1176.6,-36.0,4.0,4.0
14370,UK North,1175.78,0.0,-1175.78,-100.0,6.0,0.0
18057,UK South,1168.14,0.0,-1168.14,-100.0,3.0,0.0
16554,UK North,2004.62,837.1,-1167.52,-58.2,5.0,3.0
13131,UK South,2240.47,1073.3,-1167.17,-52.1,4.0,3.0
12725,Rest of Europe,1534.96,371.8,-1163.16,-75.8,2.0,1.0
17539,UK South,1161.84,0.0,-1161.84,-100.0,3.0,0.0
12972,UK North,1161.2,0.0,-1161.2,-100.0,4.0,0.0
13459,UK South,1160.41,0.0,-1160.41,-100.0,2.0,0.0
15051,UK South,2543.55,1383.36,-1160.19,-45.6,6.0,3.0
13889,UK South,1574.33,416.9,-1157.43,-73.5,5.0,1.0
17127,UK South,1155.03,0.0,-1155.03,-100.0,5.0,0.0
15064,UK North,1154.41,0.0,-1154.41,-100.0,4.0,0.0
15965,UK South,1963.07,808.87,-1154.2,-58.8,9.0,4.0
17477,UK South,1144.3,0.0,-1144.3,-100.0,2.0,0.0
18095,UK South,1723.04,580.05,-1142.99,-66.3,3.0,2.0
12439,Rest of Europe,1142.88,0.0,-1142.88,-100.0,2.0,0.0
16986,UK North,3015.55,1873.2,-1142.35,-37.9,9.0,2.0
15494,UK North,2422.02,1280.58,-1141.44,-47.1,3.0,2.0
15586,UK North,1139.1,0.0,-1139.1,-100.0,3.0,0.0
15879,UK South,1137.8,0.0,-1137.8,-100.0,4.0,0.0
16521,UK South,1136.36,0.0,-1136.36,-100.0,3.0,0.0
15306,UK North,2310.38,1174.35,-1136.03,-49.2,6.0,3.0
14821,UK South,1181.35,48.8,-1132.55,-95.9,6.0,1.0
13393,UK South,1131.45,0.0,-1131.45,-100.0,4.0,0.0
17622,UK North,1130.21,0.0,-1130.21,-100.0,2.0,0.0
17694,UK North,1412.85,283.12,-1129.73,-80.0,2.0,1.0
14861,UK South,1254.94,125.79,-1129.15,-90.0,9.0,1.0
14671,UK South,1127.45,0.0,-1127.45,-100.0,2.0,0.0
14756,UK North,1864.8,738.96,-1125.84,-60.4,2.0,1.0
12605,DACH,1124.95,0.0,-1124.95,-100.0,3.0,0.0
14878,UK North,2600.41,1476.09,-1124.32,-43.2,16.0,9.0
14917,UK South,1123.75,0.0,-1123.75,-100.0,2.0,0.0
17754,UK North,2786.57,1664.65,-1121.92,-40.3,8.0,5.0
16017,UK South,1333.7,211.88,-1121.82,-84.1,4.0,1.0
15678,UK North,1473.24,352.7,-1120.54,-76.1,2.0,1.0
14850,UK North,1445.21,325.75,-1119.46,-77.5,6.0,1.0
13643,UK South,1637.33,519.44,-1117.89,-68.3,7.0,3.0
12582,Rest of Europe,1469.04,351.36,-1117.68,-76.1,2.0,2.0
18168,UK North,2275.46,1160.04,-1115.42,-49.0,10.0,6.0
13995,UK South,2508.32,1393.69,-1114.63,-44.4,9.0,5.0
14177,UK South,1660.23,549.46,-1110.77,-66.9,9.0,4.0
16702,UK North,1109.53,0.0,-1109.53,-100.0,4.0,0.0
15559,UK South,1109.4,0.0,-1109.4,-100.0,1.0,0.0
15828,UK North,1108.82,0.0,-1108.82,-100.0,1.0,0.0
17714,UK North,1257.18,153.0,-1104.18,-87.8,4.0,1.0
17137,UK South,1099.81,0.0,-1099.81,-100.0,6.0,0.0
15803,UK South,1513.84,415.82,-1098.02,-72.5,3.0,1.0
17582,UK North,1271.68,175.27,-1096.41,-86.2,4.0,1.0
16835,UK South,1275.81,180.85,-1094.96,-85.8,4.0,2.0
12609,DACH,2057.01,964.85,-1092.16,-53.1,6.0,3.0
17726,UK North,1092.06,0.0,-1092.06,-100.0,7.0,0.0
16223,UK South,1087.05,0.0,-1087.05,-100.0,2.0,0.0
17115,UK South,1923.99,837.5,-1086.49,-56.5,4.0,3.0
17519,UK South,2930.15,1844.02,-1086.13,-37.1,9.0,6.0
12951,UK South,2149.65,1064.07,-1085.58,-50.5,9.0,6.0
15978,UK North,2180.64,1098.78,-1081.86,-49.6,2.0,1.0
15312,UK North,2005.34,924.85,-1080.49,-53.9,8.0,4.0
14343,UK South,1079.66,0.0,-1079.66,-100.0,4.0,0.0
13567,UK South,1079.29,0.0,-1079.29,-100.0,4.0,0.0
15546,UK North,1079.1,0.0,-1079.1,-100.0,2.0,0.0
13623,UK South,1805.32,727.74,-1077.58,-59.7,5.0,5.0
17366,UK North,1077.24,0.0,-1077.24,-100.0,2.0,0.0
15326,UK North,1388.81,311.71,-1077.1,-77.6,4.0,1.0
16529,UK South,1531.55,455.25,-1076.3,-70.3,3.0,1.0
16231,UK South,1074.47,0.0,-1074.47,-100.0,4.0,0.0
17019,UK South,2328.91,1258.08,-1070.83,-46.0,7.0,4.0
16918,UK North,2137.72,1068.82,-1068.9,-50.0,10.0,6.0
16917,UK South,1460.36,391.52,-1068.84,-73.2,1.0,1.0
15027,UK South,2129.45,1066.15,-1063.3,-49.9,6.0,4.0
18065,UK South,3453.8,2392.83,-1060.97,-30.7,14.0,14.0
15550,UK North,1635.42,575.63,-1059.79,-64.8,8.0,4.0
17421,UK South,1059.41,0.0,-1059.41,-100.0,3.0,0.0
14734,UK North,1056.42,0.0,-1056.42,-100.0,4.0,0.0
14967,UK South,1518.81,463.8,-1055.01,-69.5,5.0,1.0
13775,UK South,1049.66,0.0,-1049.66,-100.0,1.0,0.0
16391,UK South,1048.86,0.0,-1048.86,-100.0,4.0,0.0
17474,UK North,1047.0,0.0,-1047.0,-100.0,1.0,0.0
15240,UK North,2753.41,1706.57,-1046.84,-38.0,7.0,5.0
12455,Rest of Europe,3383.09,2339.86,-1043.23,-30.8,4.0,5.0
16991,UK South,1041.21,0.0,-1041.21,-100.0,1.0,0.0
13613,UK South,1039.85,0.0,-1039.85,-100.0,5.0,0.0
16036,UK North,1797.92,758.92,-1039.0,-57.8,2.0,2.0
16595,UK South,1397.59,360.16,-1037.43,-74.2,4.0,1.0
14790,UK North,1781.56,745.06,-1036.5,-58.2,6.0,4.0
16275,UK South,1591.24,559.87,-1031.37,-64.8,2.0,1.0
12849,UK South,2023.33,992.65,-1030.68,-50.9,4.0,2.0
15887,UK South,1027.15,0.0,-1027.15,-100.0,3.0,0.0
15003,UK South,1027.03,0.0,-1027.03,-100.0,6.0,0.0
17310,UK North,1025.1,0.0,-1025.1,-100.0,2.0,0.0
14080,UK North,1070.08,45.6,-1024.48,-95.7,4.0,1.0
16568,UK North,1020.9,0.0,-1020.9,-100.0,2.0,0.0
12905,UK South,1018.42,0.0,-1018.42,-100.0,2.0,0.0
12803,Benelux,1017.81,0.0,-1017.81,-100.0,1.0,0.0
16787,UK South,1017.53,0.0,-1017.53,-100.0,4.0,0.0
13333,UK South,1015.74,0.0,-1015.74,-100.0,3.0,0.0
14481,UK South,1648.18,636.51,-1011.67,-61.4,3.0,2.0
13039,UK South,1010.73,0.0,-1010.73,-100.0,4.0,0.0
14467,UK South,1606.98,596.26,-1010.72,-62.9,8.0,4.0
16276,UK North,1818.79,810.6,-1008.19,-55.4,2.0,1.0
15771,UK South,1006.54,0.0,-1006.54,-100.0,3.0,0.0
16435,UK South,1003.07,0.0,-1003.07,-100.0,3.0,0.0
13857,UK South,1000.91,0.0,-1000.91,-100.0,6.0,0.0
15279,UK South,1290.03,290.51,-999.52,-77.5,4.0,1.0
17603,UK South,1393.66,394.72,-998.94,-71.7,3.0,1.0
15261,UK South,1253.18,254.82,-998.36,-79.7,3.0,1.0
17432,UK North,1363.23,365.76,-997.47,-73.2,7.0,2.0
14396,UK North,1481.39,487.99,-993.4,-67.1,5.0,2.0
13611,UK South,2143.53,1154.4,-989.13,-46.1,7.0,3.0
16625,UK South,1320.95,333.08,-987.87,-74.8,4.0,1.0
14068,UK North,1250.87,265.85,-985.02,-78.7,3.0,1.0
18276,UK North,1320.66,335.86,-984.8,-74.6,5.0,1.0
17673,UK South,2578.91,1594.97,-983.94,-38.2,7.0,6.0
16960,UK North,1483.83,505.1,-978.73,-66.0,5.0,3.0
13510,UK North,2766.73,1791.56,-975.17,-35.2,7.0,4.0
16282,UK North,1139.28,168.3,-970.98,-85.2,2.0,1.0
17897,UK South,1511.23,541.81,-969.42,-64.1,6.0,3.0
13874,UK North,1508.7,540.45,-968.25,-64.2,6.0,1.0
18277,UK South,1069.67,110.38,-959.29,-89.7,4.0,1.0
14304,UK North,1341.56,383.45,-958.11,-71.4,2.0,1.0
12649,DACH,1527.14,569.51,-957.63,-62.7,5.0,3.0
15732,UK North,1249.85,294.12,-955.73,-76.5,8.0,2.0
15215,UK South,1687.49,734.94,-952.55,-56.4,4.0,3.0
12644,DACH,1422.58,477.91,-944.67,-66.4,3.0,1.0
16096,UK North,1264.35,320.62,-943.73,-74.6,3.0,1.0
15030,UK North,1461.63,518.28,-943.35,-64.5,6.0,2.0
13382,UK North,1164.59,222.99,-941.6,-80.9,4.0,1.0
14014,UK North,1443.03,505.18,-937.85,-65.0,2.0,1.0
13239,UK South,1265.13,329.56,-935.57,-74.0,4.0,1.0
17977,UK South,1223.31,288.14,-935.17,-76.4,1.0,1.0
13299,UK South,1076.2,142.5,-933.7,-86.8,2.0,1.0
17552,UK North,1856.36,930.41,-925.95,-49.9,8.0,4.0
12592,DACH,1322.04,401.6,-920.44,-69.6,2.0,2.0
18170,UK North,1897.69,980.31,-917.38,-48.3,6.0,3.0
17994,UK North,1589.14,674.89,-914.25,-57.5,7.0,4.0
17460,UK North,1535.54,622.43,-913.11,-59.5,10.0,6.0
16470,UK North,1664.08,752.77,-911.31,-54.8,7.0,4.0
16010,UK North,1302.46,392.4,-910.06,-69.9,8.0,3.0
13203,UK South,1778.79,869.46,-909.33,-51.1,6.0,4.0
16134,UK North,1527.25,618.09,-909.16,-59.5,3.0,2.0
17222,UK North,1234.96,328.65,-906.31,-73.4,5.0,1.0
14987,UK South,1224.25,326.4,-897.85,-73.3,6.0,2.0
14130,UK North,1377.86,480.91,-896.95,-65.1,3.0,1.0
16366,UK North,1220.83,327.3,-893.53,-73.2,3.0,1.0
15466,UK North,1225.93,334.53,-891.4,-72.7,3.0,1.0
13253,UK South,1920.71,1030.4,-890.31,-46.4,2.0,2.0
14896,UK North,1357.23,468.77,-888.46,-65.5,6.0,2.0
16450,UK North,1193.81,311.92,-881.89,-73.9,2.0,1.0
13740,UK North,1232.02,350.75,-881.27,-71.5,4.0,1.0
16650,UK North,1397.69,518.42,-879.27,-62.9,6.0,1.0
16119,UK South,1297.45,423.36,-874.09,-67.4,6.0,2.0
17343,UK South,1066.3,193.64,-872.66,-81.8,5.0,1.0
17496,UK North,1141.84,271.05,-870.79,-76.3,3.0,1.0
16612,UK North,2057.77,1187.66,-870.11,-42.3,5.0,4.0
16727,UK South,1121.45,256.32,-865.13,-77.1,3.0,1.0
14420,UK North,1251.65,387.52,-864.13,-69.0,3.0,1.0
15329,UK South,1909.13,1049.7,-859.43,-45.0,8.0,3.0
13635,UK South,1928.13,1071.03,-857.1,-44.5,3.0,1.0
14984,UK North,1058.14,202.37,-855.77,-80.9,4.0,2.0
16416,UK North,1906.48,1051.4,-855.08,-44.9,6.0,3.0
13772,UK North,1977.39,1122.63,-854.76,-43.2,5.0,3.0
15002,UK North,2496.32,1641.76,-854.56,-34.2,5.0,4.0
13462,UK North,1002.35,151.5,-850.85,-84.9,4.0,1.0
14264,UK North,1183.39,333.97,-849.42,-71.8,4.0,2.0
16848,UK North,1130.2,281.42,-848.78,-75.1,3.0,1.0
16777,UK South,1069.56,222.62,-846.94,-79.2,3.0,2.0
16229,UK South,1857.26,1010.6,-846.66,-45.6,4.0,2.0
14649,UK South,2248.6,1402.59,-846.01,-37.6,5.0,4.0
17774,UK North,2059.1,1213.73,-845.37,-41.1,5.0,4.0
15081,UK South,1349.77,504.8,-844.97,-62.6,7.0,5.0
14421,UK South,1656.26,813.11,-843.15,-50.9,4.0,2.0
15101,UK South,1160.41,317.53,-842.88,-72.6,4.0,2.0
15862,UK North,1674.26,832.88,-841.38,-50.3,9.0,4.0
17190,UK North,1279.99,444.74,-835.25,-65.3,5.0,2.0
15154,UK North,1089.44,254.28,-835.16,-76.7,2.0,1.0
16756,UK North,1072.97,239.4,-833.57,-77.7,6.0,1.0
13259,UK South,1115.61,283.18,-832.43,-74.6,8.0,1.0
15569,UK South,2207.74,1375.71,-832.03,-37.7,5.0,5.0
14898,UK North,2096.64,1269.31,-827.33,-39.5,8.0,6.0
15976,UK North,1252.67,427.64,-825.03,-65.9,4.0,2.0
17941,UK South,1128.72,304.56,-824.16,-73.0,3.0,1.0
13728,UK North,1839.03,1016.14,-822.89,-44.7,10.0,6.0
15059,UK South,2152.68,1337.72,-814.96,-37.9,10.0,9.0
13213,UK South,2330.94,1520.58,-810.36,-34.8,6.0,5.0
13888,UK North,1405.92,595.67,-810.25,-57.6,5.0,2.0
14293,UK South,1856.45,1046.56,-809.89,-43.6,5.0,4.0
15551,UK South,1243.75,436.06,-807.69,-64.9,6.0,1.0
12820,UK North,1747.18,942.34,-804.84,-46.1,7.0,4.0
18066,UK North,1122.4,318.0,-804.4,-71.7,2.0,1.0
14161,UK South,1899.31,1097.62,-801.69,-42.2,4.0,3.0
12701,DACH,1522.7,725.71,-796.99,-52.3,4.0,2.0
17311,UK South,2181.71,1384.85,-796.86,-36.5,4.0,2.0
13032,UK North,1805.78,1010.18,-795.6,-44.1,7.0,2.0
17930,UK North,2534.74,1740.48,-794.26,-31.3,8.0,5.0
16374,UK North,1250.77,458.78,-791.99,-63.3,3.0,2.0
17351,UK South,1377.23,587.15,-790.08,-57.4,9.0,3.0
13760,UK North,1076.85,286.79,-790.06,-73.4,3.0,2.0
13803,UK South,1061.84,277.07,-784.77,-73.9,2.0,1.0
17553,UK South,2270.0,1487.6,-782.4,-34.5,3.0,1.0
13431,UK South,2047.14,1269.1,-778.04,-38.0,6.0,2.0
16527,UK South,1004.88,228.06,-776.82,-77.3,1.0,1.0
14000,UK North,1410.68,635.66,-775.02,-54.9,4.0,1.0
12349,Rest of Europe,2221.14,1457.55,-763.59,-34.4,2.0,1.0
13649,UK South,1107.08,346.6,-760.48,-68.7,4.0,2.0
15795,UK South,1369.86,610.01,-759.85,-55.5,7.0,1.0
14152,UK North,1376.05,621.29,-754.76,-54.8,5.0,2.0
17921,UK South,1574.13,820.23,-753.9,-47.9,6.0,4.0
16045,UK South,2094.23,1340.7,-753.53,-36.0,4.0,4.0
13946,UK North,1314.66,561.57,-753.09,-57.3,3.0,3.0
16503,UK South,2182.41,1431.93,-750.48,-34.4,7.0,4.0
15774,UK North,1016.29,270.8,-745.49,-73.4,5.0,1.0
16233,UK South,1281.63,536.68,-744.95,-58.1,6.0,3.0
15384,UK North,1385.38,642.41,-742.97,-53.6,2.0,2.0
16768,UK North,1220.48,478.09,-742.39,-60.8,6.0,3.0
16788,UK North,1334.54,592.74,-741.8,-55.6,3.0,2.0
14480,UK North,1020.47,279.05,-741.42,-72.7,3.0,1.0
18036,UK North,1142.37,403.12,-739.25,-64.7,8.0,3.0
14905,UK South,1355.24,616.15,-739.09,-54.5,6.0,2.0
13192,UK North,1646.64,911.94,-734.7,-44.6,4.0,2.0
16232,UK North,1722.09,990.88,-731.21,-42.5,3.0,4.0
15652,UK North,1068.2,337.74,-730.46,-68.4,4.0,1.0
14847,UK South,1039.55,309.4,-730.15,-70.2,2.0,1.0
15452,UK North,1256.63,528.48,-728.15,-57.9,3.0,3.0
14651,UK South,1371.77,653.75,-718.02,-52.3,7.0,2.0
17063,UK South,2177.39,1461.14,-716.25,-32.9,6.0,7.0
14301,UK South,1352.04,640.14,-711.9,-52.7,3.0,1.0
13276,UK North,1300.98,590.93,-710.05,-54.6,3.0,2.0
17029,UK South,1421.3,716.0,-705.3,-49.6,5.0,2.0
15073,UK South,1744.61,1043.41,-701.2,-40.2,5.0,3.0
14710,UK North,1300.31,599.48,-700.83,-53.9,9.0,4.0
13719,UK South,1740.42,1041.68,-698.74,-40.1,6.0,5.0
14669,UK South,1957.54,1259.24,-698.3,-35.7,4.0,3.0
15858,UK North,2124.84,1427.57,-697.27,-32.8,8.0,5.0
15381,UK South,1293.72,596.85,-696.87,-53.9,3.0,2.0
13280,UK North,1494.87,798.46,-696.41,-46.6,4.0,3.0
16163,UK South,1551.38,856.6,-694.78,-44.8,4.0,2.0
17414,UK North,1471.52,778.0,-693.52,-47.1,4.0,2.0
12418,DACH,1352.62,668.58,-684.04,-50.6,3.0,1.0
15339,UK South,1246.95,574.07,-672.88,-54.0,5.0,2.0
12875,UK South,1013.76,343.23,-670.53,-66.1,3.0,2.0
17180,UK North,1452.8,783.97,-668.83,-46.0,7.0,4.0
16225,UK South,1762.99,1096.32,-666.67,-37.8,10.0,5.0
16239,UK South,1078.0,414.2,-663.8,-61.6,4.0,2.0
14628,UK North,1326.04,671.96,-654.08,-49.3,3.0,2.0
14489,UK South,1111.55,463.38,-648.17,-58.3,3.0,1.0
16101,UK South,1938.46,1290.7,-647.76,-33.4,3.0,1.0
17438,UK North,1034.32,388.45,-645.87,-62.4,4.0,1.0
12970,UK North,1047.07,405.47,-641.6,-61.3,6.0,4.0
17046,UK North,1264.05,642.02,-622.03,-49.2,4.0,1.0
15252,UK North,1362.63,740.78,-621.85,-45.6,3.0,2.0
17242,UK North,1754.24,1135.04,-619.2,-35.3,3.0,2.0
13753,UK South,1353.31,741.26,-612.05,-45.2,3.0,1.0
12924,UK North,1535.7,925.75,-609.95,-39.7,8.0,4.0
15062,UK North,1597.76,987.86,-609.9,-38.2,4.0,4.0
15747,UK South,1553.17,946.64,-606.53,-39.1,6.0,3.0
15889,UK South,1006.28,400.77,-605.51,-60.2,6.0,2.0
13434,UK North,1132.62,534.24,-598.38,-52.8,3.0,2.0
18106,UK North,1019.16,421.9,-597.26,-58.6,5.0,1.0
14195,UK South,1603.6,1012.0,-591.6,-36.9,4.0,2.0
14064,UK North,1925.9,1334.34,-591.56,-30.7,10.0,5.0
17666,UK North,1319.64,728.16,-591.48,-44.8,3.0,2.0
15272,UK North,1309.01,721.94,-587.07,-44.8,4.0,2.0
14644,UK North,1416.96,830.76,-586.2,-41.4,5.0,2.0
15199,UK South,1853.7,1268.7,-585.0,-31.6,6.0,4.0
14400,UK North,1157.77,574.7,-583.07,-50.4,2.0,1.0
15402,UK North,1203.77,626.35,-577.42,-48.0,4.0,2.0
14236,UK North,1064.48,490.86,-573.62,-53.9,3.0,2.0
18151,UK South,1226.09,653.35,-572.74,-46.7,4.0,2.0
17905,UK South,1369.38,798.99,-570.39,-41.7,9.0,4.0
17075,UK South,1402.51,834.12,-568.39,-40.5,6.0,4.0
13800,UK North,1121.24,558.32,-562.92,-50.2,2.0,1.0
12784,Rest of Europe,1034.33,476.82,-557.51,-53.9,1.0,1.0
16062,UK North,1709.83,1153.62,-556.21,-32.5,4.0,4.0
16108,UK North,1393.42,842.5,-550.92,-39.5,3.0,1.0
17345,UK South,1066.94,519.69,-547.25,-51.3,6.0,4.0
16054,UK North,1327.98,783.9,-544.08,-41.0,3.0,1.0
14692,UK North,1123.59,591.55,-532.04,-47.4,8.0,4.0
16600,UK North,1339.89,813.52,-526.37,-39.3,7.0,6.0
14256,UK North,1491.73,969.06,-522.67,-35.0,3.0,2.0
13330,UK North,1655.17,1140.93,-514.24,-31.1,3.0,3.0
17454,UK North,1030.41,517.53,-512.88,-49.8,6.0,4.0
17594,UK North,1504.7,993.18,-511.52,-34.0,2.0,2.0
18252,UK North,1015.42,518.27,-497.15,-49.0,5.0,2.0
14499,UK South,1293.35,808.44,-484.91,-37.5,4.0,3.0
15434,UK North,1525.58,1041.48,-484.1,-31.7,6.0,5.0
15149,UK South,1003.81,520.8,-483.01,-48.1,3.0,1.0
14127,UK South,1190.37,709.71,-480.66,-40.4,3.0,3.0
13662,UK North,1352.35,881.26,-471.09,-34.8,8.0,3.0
12739,International,1445.69,975.54,-470.15,-32.5,1.0,1.0
15793,UK South,1433.96,965.61,-468.35,-32.7,5.0,3.0
17235,UK South,1012.92,550.06,-462.86,-45.7,6.0,2.0
14449,UK South,1345.16,885.8,-459.36,-34.1,4.0,4.0
14021,UK South,1084.68,631.9,-452.78,-41.7,4.0,3.0
14597,UK South,1318.39,866.24,-452.15,-34.3,4.0,2.0
15865,UK South,1346.29,895.13,-451.16,-33.5,2.0,3.0
17018,UK North,1367.6,920.1,-447.5,-32.7,4.0,2.0
15100,UK North,1317.9,876.0,-441.9,-33.5,4.0,3.0
16859,UK South,1184.6,747.81,-436.79,-36.9,5.0,2.0
17540,UK North,1011.7,578.9,-432.8,-42.8,4.0,2.0
15860,UK North,1393.64,965.16,-428.48,-30.7,9.0,8.0
12933,UK South,1029.1,607.53,-421.57,-41.0,5.0,3.0
13655,UK South,1347.54,932.97,-414.57,-30.8,4.0,2.0
15990,UK North,1205.64,792.11,-413.53,-34.3,5.0,2.0
17797,UK South,1191.44,780.43,-411.01,-34.5,5.0,3.0
17642,UK North,1112.2,712.29,-399.91,-36.0,3.0,2.0
13417,UK South,1028.66,640.83,-387.83,-37.7,4.0,2.0
15164,UK North,1203.53,824.58,-378.95,-31.5,6.0,3.0
17888,UK North,1091.44,716.0,-375.44,-34.4,17.0,8.0
17321,UK South,1008.05,657.16,-350.89,-34.8,4.0,2.0
13838,UK North,1015.25,674.82,-340.43,-33.5,6.0,4.0
17974,UK North,1035.1,703.99,-331.11,-32.0,3.0,3.0
